VerbCode,Verb,Source,BloomsLevel,BloomsLabel,BinghamLabel,PrimaryDefinition,AcaraDefinition,VcaaDefinition,QcaaDefinition,RelatedVerbs,IsMultiLevel,MultiLevelNotes,Sequence
TA-DEFINE,define,ACARA+QCAA,1,Remember,"Literal Recall, Simple","Give the precise meaning and identify essential qualities of a word, phrase, concept or physical quantity.","Give the precise meaning and identify essential qualities of a word, phrase, concept or physical quantity.","Give the precise meaning and identify essential qualities of a word, phrase, concept or physical quantity.","The term define represents the variety of subject-specific techniques and processes students use to state the precise meaning, nature or scope of something.",,false,,1
TA-IDENTIFY,identify,ACARA+QCAA,1,Remember,"Literal Recall, Simple","Recognise and name and/or select an event, feature, ingredient, element, speaker and/or part from a list or extended narrative or argument, or within a diagram, structure, artwork or experiment.","Recognise and name and/or select an event, feature, ingredient, element, speaker and/or part from a list or extended narrative or argument, or within a diagram, structure, artwork or experiment.","Recognise and name and/or select an event, feature, ingredient, element, speaker and/or part from a list or extended narrative or argument, or within a diagram, structure, artwork or experiment.",The term identify represents the variety of subject-specific techniques and processes students use to recognise and name something or someone specific.,recognise,false,,2
TA-LIST,list,ACARA,1,Remember,"Literal Recall, Simple","Provide a series of related words, names, numbers or items that are arranged consecutively.","Provide a series of related words, names, numbers or items that are arranged consecutively.","Provide a series of related words, names, numbers or items that are arranged consecutively.",,,false,,3
TA-NAME,name,ACARA,1,Remember,"Literal Recall, Simple","Provide a word or term (something that is known and distinguished from other people or things) used to identify an object, person, thing, place etc.","Provide a word or term (something that is known and distinguished from other people or things) used to identify an object, person, thing, place etc.","Provide a word or term (something that is known and distinguished from other people or things) used to identify an object, person, thing, place etc.",,recognise,false,,4
TA-RECALL,recall,ACARA+QCAA,1,Remember,"Literal Recall, Simple","Present remembered ideas, facts and/or experiences.","Present remembered ideas, facts and/or experiences.","Present remembered ideas, facts and/or experiences.",The term recall represents the variety of subject-specific techniques and processes students use to bring stored information back to mind without reference materials.,,false,,5
TA-STATE,state,ACARA+QCAA,1,Remember,"Literal Recall, Simple",Give a specific name or value or other brief answer without explanation or calculation.,Give a specific name or value or other brief answer without explanation or calculation.,Give a specific name or value or other brief answer without explanation or calculation.,The term state represents the variety of subject-specific techniques and processes students use to express something clearly and definitively.,,false,,6
TA-ACCOUNT-FOR,account for,ACARA,2,Understand,Literal with Detail & Comprehension,State reasons for; report on.,State reasons for; report on.,State reasons for; report on.,,comprehend|express|research,false,,7
TA-ACCOUNT-OF,account of,ACARA,2,Understand,Literal with Detail & Comprehension,Describe a series of events or transactions.,Describe a series of events or transactions.,Describe a series of events or transactions.,,convey|draw|express,false,,8
TA-CLARIFY,clarify,ACARA,2,Understand,Literal with Detail & Comprehension,Make a statement or situation more comprehensible.,Make a statement or situation more comprehensible.,Make a statement or situation more comprehensible.,,comment|emphasise|express|specify|understand,false,,9
TA-DESCRIBE,describe,ACARA+QCAA,2,Understand,Literal with Detail & Comprehension,"Provide characteristics, features and qualities of a given concept, opinion, situation, event, process, effect, argument, narrative, text, experiment, artwork, performance piece or other artefact in an accurate way.","Provide characteristics, features and qualities of a given concept, opinion, situation, event, process, effect, argument, narrative, text, experiment, artwork, performance piece or other artefact in an accurate way.","Provide characteristics, features and qualities of a given concept, opinion, situation, event, process, effect, argument, narrative, text, experiment, artwork, performance piece or other artefact in an accurate way.","The term describe represents the variety of subject-specific techniques and processes students use to provide an account of a characteristic, feature or event.",classify|detail|emphasise|quantify|research,false,,10
TA-DISCUSS,discuss,ACARA+QCAA,2,Understand,Literal with Detail & Comprehension,"Present a clear, considered and balanced argument or prose that identifies issues and shows the strengths and weaknesses of, or points for and against, one or more arguments, concepts, factors, hypotheses, narratives and/or opinions.","Present a clear, considered and balanced argument or prose that identifies issues and shows the strengths and weaknesses of, or points for and against, one or more arguments, concepts, factors, hypotheses, narratives and/or opinions.","Present a clear, considered and balanced argument or prose that identifies issues and shows the strengths and weaknesses of, or points for and against, one or more arguments, concepts, factors, hypotheses, narratives and/or opinions.","The term discuss represents the variety of subject-specific techniques and processes students use to communicate about or examine a subject in detail, taking into account different aspects or perspectives.",comment,false,,11
TA-EXPLAIN,explain,ACARA+QCAA,2,Understand,Literal with Detail & Comprehension,"Give a detailed account of why and/or how with reference to causes, effects, continuity, change, reasons or mechanisms; make the relationships between things evident.","Give a detailed account of why and/or how with reference to causes, effects, continuity, change, reasons or mechanisms; make the relationships between things evident.","Give a detailed account of why and/or how with reference to causes, effects, continuity, change, reasons or mechanisms; make the relationships between things evident.","The term explain represents the variety of subject-specific techniques and processes students use to make something clear by revealing a cause, reason, context or relationship.",detail|express|specify,false,,12
TA-EXTRACT,extract,ACARA,2,Understand,Literal with Detail & Comprehension,"Select relevant and/or appropriate detail from an argument, issue or artefact.","Select relevant and/or appropriate detail from an argument, issue or artefact.","Select relevant and/or appropriate detail from an argument, issue or artefact.",,emphasise|research|select,false,,13
TA-OUTLINE,outline,ACARA,2,Understand,Literal with Detail & Comprehension,"Provide an overview or the main features of an argument, point of view, text, narrative, diagram or image.","Provide an overview or the main features of an argument, point of view, text, narrative, diagram or image.","Provide an overview or the main features of an argument, point of view, text, narrative, diagram or image.",,annotate|draw|emphasise|express,false,,14
TA-RECOUNT,recount,ACARA+QCAA,2,Understand,Literal with Detail & Comprehension,"Retell a series of events or steps in a process, usually in order.","Retell a series of events or steps in a process, usually in order.","Retell a series of events or steps in a process, usually in order.",The term recount represents the variety of subject-specific techniques and processes students use to give a detailed account of an event or experience.,comment|express,false,,15
TA-APPLY,apply,ACARA+QCAA,3,Apply,Understand and Use,Use; employ in a particular situation or context.,Use; employ in a particular situation or context.,Use; employ in a particular situation or context.,"The term apply represents the variety of subject-specific techniques and processes students use to put knowledge or an idea, rule, principle or method into practical effect for a specific purpose or outcome.",adapt|conduct|employ|implement|manipulate|process|sequence|solve|use,false,,16
TA-CALCULATE,calculate,ACARA+QCAA,3,Apply,Understand and Use,"Determine from given facts, figures or information; obtain a numerical answer showing the relevant stages in the working; determine or find (e.g. a number, answer) by using mathematical processes.","Determine from given facts, figures or information; obtain a numerical answer showing the relevant stages in the working; determine or find (e.g. a number, answer) by using mathematical processes.","Determine from given facts, figures or information; obtain a numerical answer showing the relevant stages in the working; determine or find (e.g. a number, answer) by using mathematical processes.",The term calculate represents the variety of subject-specific techniques and processes students use to determine a numerical value or quantity through mathematical operations.,solve,false,,17
TA-DEMONSTRATE,demonstrate,ACARA+QCAA,3,Apply,Understand and Use,"Show ideas, how something can be done or that something is true by using examples or practical applications, or by applying algorithms or formulas.","Show ideas, how something can be done or that something is true by using examples or practical applications, or by applying algorithms or formulas.","Show ideas, how something can be done or that something is true by using examples or practical applications, or by applying algorithms or formulas.",The term demonstrate represents the variety of subject-specific techniques and processes students use to clearly show or prove understanding or a skill or concept.,employ|exchange|execute|perform|present|refer|represent|sketch|solve|use,false,,18
TA-EXTRAPOLATE,extrapolate,ACARA,3,Apply,Understand and Use,"Infer and/or extend information that may not be clearly stated from a narrative, opinion, graph or image by assuming existing trends will continue.","Infer and/or extend information that may not be clearly stated from a narrative, opinion, graph or image by assuming existing trends will continue.","Infer and/or extend information that may not be clearly stated from a narrative, opinion, graph or image by assuming existing trends will continue.",,exploit,false,,19
TA-INFER,infer,ACARA+QCAA,3,Apply,Understand and Use,"Derive conclusions from available information or evidence, or through reasoning, rather than through explicit statements.","Derive conclusions from available information or evidence, or through reasoning, rather than through explicit statements.","Derive conclusions from available information or evidence, or through reasoning, rather than through explicit statements.","The term infer represents the variety of subject-specific techniques and processes students use to derive a conclusion from facts, evidence or premises as a result of reasoning.",consolidate,false,,20
TA-INTERPRET,interpret,ACARA+QCAA,3,Apply,Understand and Use,"Draw meaning from an argument, point of view, description or diagram, text, image or artwork and determine significance within context.","Draw meaning from an argument, point of view, description or diagram, text, image or artwork and determine significance within context.","Draw meaning from an argument, point of view, description or diagram, text, image or artwork and determine significance within context.","The term interpret represents the variety of subject-specific techniques and processes students use to bring out, assign or explain the meaning or significance of something.",transform,false,,21
TA-PERSUADE,persuade,ACARA,3,Apply,Understand and Use,Induce (someone) to do something through reasoning or argument; convince.,Induce (someone) to do something through reasoning or argument; convince.,Induce (someone) to do something through reasoning or argument; convince.,,argue|direct|exchange|simple,false,,22
TA-PREDICT,predict,ACARA+QCAA,3,Apply,Understand and Use,Give an expected result of an upcoming action or event; suggest what may happen based on available information.,Give an expected result of an upcoming action or event; suggest what may happen based on available information.,Give an expected result of an upcoming action or event; suggest what may happen based on available information.,The term predict represents the variety of subject-specific techniques and processes students use to state or estimate what will happen in the future based on present knowledge or evidence.,,false,,23
TA-PROPOSE-L3,propose,ACARA,3,Apply,Understand and Use,"Suggest or put forward a point of view, idea, argument, diagram, plan and/or suggestion based on given data or stimulus material for consideration or action.","Suggest or put forward a point of view, idea, argument, diagram, plan and/or suggestion based on given data or stimulus material for consideration or action.","Suggest or put forward a point of view, idea, argument, diagram, plan and/or suggestion based on given data or stimulus material for consideration or action.",,communicate|document|connect|exchange|incorporate|integrate|plan|prepare|present|refer|represent|respond|sketch|use,true,demonstrate with known facts,24
TA-SUGGEST-L3,suggest,ACARA,3,Apply,Understand and Use,"Put forward for consideration a solution, hypothesis, idea or other possible answer.","Put forward for consideration a solution, hypothesis, idea or other possible answer.","Put forward for consideration a solution, hypothesis, idea or other possible answer.",,connect|convey|document|exchange|incorporate|integrate|plan|present|refer|respond|sketch|solve|use,true,demonstrate with known facts,25
TA-ANALYSE,analyse,ACARA+QCAA,4,Analyse,Think Deeply About (Infer),Identify components/elements and the significance of the relationship between them; draw out and relate implications; determine logic and reasonableness of information.,Identify components/elements and the significance of the relationship between them; draw out and relate implications; determine logic and reasonableness of information.,Identify components/elements and the significance of the relationship between them; draw out and relate implications; determine logic and reasonableness of information.,The term analyse represents the variety of subject-specific techniques and processes students use to break down information and reveal aspects that are not immediately obvious.,consider|deconstruct|explore,false,,26
TA-COMPARE,compare,ACARA+QCAA,4,Analyse,Think Deeply About (Infer),Recognise similarities and differences and the significance of these similarities and differences.,Recognise similarities and differences and the significance of these similarities and differences.,Recognise similarities and differences and the significance of these similarities and differences.,The term compare represents the variety of subject-specific techniques and processes students use to examine similarities and differences between two or more things.,discriminate|unify,false,,27
TA-CONTRAST,contrast,ACARA+QCAA,4,Analyse,Think Deeply About (Infer),Show how things are different or opposite.,Show how things are different or opposite.,Show how things are different or opposite.,The term contrast represents the variety of subject-specific techniques and processes students use to examine differences between two or more things,discriminate,false,,28
TA-DISTINGUISH,distinguish,ACARA+QCAA,4,Analyse,Think Deeply About (Infer),"Make clear the differences between two or more arguments, concepts, opinions, narratives, artefacts, data points, trends and/or items.","Make clear the differences between two or more arguments, concepts, opinions, narratives, artefacts, data points, trends and/or items.","Make clear the differences between two or more arguments, concepts, opinions, narratives, artefacts, data points, trends and/or items.",The term distinguish represents the variety of subject-specific techniques and processes students use to recognise or identify the differences between things,discriminate,false,,29
TA-EXAMINE,examine,ACARA+QCAA,4,Analyse,Think Deeply About (Infer),"Consider an argument, concept, debate, data point, trend or artefact in a way that identifies assumptions, possibilities and interrelationships.","Consider an argument, concept, debate, data point, trend or artefact in a way that identifies assumptions, possibilities and interrelationships.","Consider an argument, concept, debate, data point, trend or artefact in a way that identifies assumptions, possibilities and interrelationships.","The term examine represents the variety of subject-specific techniques and processes students use to inspect something in detail to discover, understand or find out.",consider|deconstruct|discriminate|explore|unify,false,,30
TA-INVESTIGATE,investigate,ACARA+QCAA,4,Analyse,Think Deeply About (Infer),"Observe, study or carry out an examination in order to establish facts and reach new conclusions.","Observe, study or carry out an examination in order to establish facts and reach new conclusions.","Observe, study or carry out an examination in order to establish facts and reach new conclusions.",The term investigate represents the variety of subject-specific techniques and processes students use to systematically examine something to uncover information.,explore,false,,31
TA-PROPOSE-L4,propose,ACARA,4,Analyse,Think Deeply About (Infer),"Suggest or put forward a point of view, idea, argument, diagram, plan and/or suggestion based on given data or stimulus material for consideration or action.","Suggest or put forward a point of view, idea, argument, diagram, plan and/or suggestion based on given data or stimulus material for consideration or action.","Suggest or put forward a point of view, idea, argument, diagram, plan and/or suggestion based on given data or stimulus material for consideration or action.",,unify|explore|draw,true,question and examine,32
TA-SUGGEST-L4,suggest,ACARA,4,Analyse,Think Deeply About (Infer),"Put forward for consideration a solution, hypothesis, idea or other possible answer.","Put forward for consideration a solution, hypothesis, idea or other possible answer.","Put forward for consideration a solution, hypothesis, idea or other possible answer.",,discriminate|unify,true,question and examine,33
TA-SUMMARISE,summarise,ACARA+QCAA,4,Analyse,Think Deeply About (Infer),"Retell concisely the relevant and major details of one or more arguments, text, narratives, methodologies, processes, outcomes and/or sequences of events.","Retell concisely the relevant and major details of one or more arguments, text, narratives, methodologies, processes, outcomes and/or sequences of events.","Retell concisely the relevant and major details of one or more arguments, text, narratives, methodologies, processes, outcomes and/or sequences of events.",The term summarise represents the variety of subject-specific techniques and processes students use to give a concise account of the main points or features of something.,detail|generalise|symbolise,false,question and examine,34
TA-ASSESS,assess,ACARA+QCAA,5,Evaluate,Deep Understanding Plus Judgement,"Make a judgment about, or measure, determine or estimate, the value, quality, outcomes, results, size, significance, nature or extent of something.","Make a judgment about, or measure, determine or estimate, the value, quality, outcomes, results, size, significance, nature or extent of something.","Make a judgment about, or measure, determine or estimate, the value, quality, outcomes, results, size, significance, nature or extent of something.","The term assess represents the variety of subject-specific techniques and processes students use to judge or determine the importance, value or quality of something.",appraise|appreciate|judge|make judgements|determine|draw conclusions|experiment|make decisions,false,,35
TA-DEDUCE,deduce,ACARA+QCAA,5,Evaluate,Deep Understanding Plus Judgement,"Draw a conclusion from given information, data, a narrative, an argument, an opinion, a design and/or a plan.","Draw a conclusion from given information, data, a narrative, an argument, an opinion, a design and/or a plan.","Draw a conclusion from given information, data, a narrative, an argument, an opinion, a design and/or a plan.","The term deduce represents the variety of subject-specific techniques and processes students use to draw a logical conclusion from available information, evidence and/or data.",draw conclusions|determine|establish|experiment|make decisions,false,,36
TA-EVALUATE,evaluate,ACARA+QCAA,5,Evaluate,Deep Understanding Plus Judgement,"Ascertain the value or amount of; make a judgment using the information supplied, criteria and/or own knowledge and understanding to consider a logical argument and/or supporting evidence for and against different points, arguments, concepts, processes, opinions or other information.","Ascertain the value or amount of; make a judgment using the information supplied, criteria and/or own knowledge and understanding to consider a logical argument and/or supporting evidence for and against different points, arguments, concepts, processes, opinions or other information.","Ascertain the value or amount of; make a judgment using the information supplied, criteria and/or own knowledge and understanding to consider a logical argument and/or supporting evidence for and against different points, arguments, concepts, processes, opinions or other information.","The term evaluate represents the variety of subject-specific techniques and processes students use to make a judgment about the value, quality or significance of something.",appraise|appreciate|judge|make judgements|critique|determine|draw conclusions|establish|experiment|support,false,,37
TA-JUSTIFY,justify,ACARA+QCAA,5,Evaluate,Deep Understanding Plus Judgement,"Show, prove or defend, with reasoning and evidence, an argument, decision and/or point of view using given data and/or other information.","Show, prove or defend, with reasoning and evidence, an argument, decision and/or point of view using given data and/or other information.","Show, prove or defend, with reasoning and evidence, an argument, decision and/or point of view using given data and/or other information.","The term justify represents the variety of subject-specific techniques and processes students use to show or prove something to be right, reasonable or valid.",determine|draw conclusions|establish|make decisions|support,false,,38
TA-PROPOSE-L5,propose,ACARA,5,Evaluate,Deep Understanding Plus Judgement,"Suggest or put forward a point of view, idea, argument, diagram, plan and/or suggestion based on given data or stimulus material for consideration or action.","Suggest or put forward a point of view, idea, argument, diagram, plan and/or suggestion based on given data or stimulus material for consideration or action.","Suggest or put forward a point of view, idea, argument, diagram, plan and/or suggestion based on given data or stimulus material for consideration or action.",,propose recommendations|make recommendations,true,understanding plus judgement/opinion,39
TA-RECOMMEND,recommend,ACARA,5,Evaluate,Deep Understanding Plus Judgement,Put forward and/or approve (someone or something) as being suitable for a particular purpose or role.,Put forward and/or approve (someone or something) as being suitable for a particular purpose or role.,Put forward and/or approve (someone or something) as being suitable for a particular purpose or role.,,propose recommendations|make recommendations|determine|establish|make decisions,false,,40
TA-CONSTRUCT,construct,ACARA+QCAA,6,Create,Original Thought,"Make, build, create or put together by arranging ideas or items (e.g. an argument, artefact or solution); display information in a diagrammatic or logical form.","Make, build, create or put together by arranging ideas or items (e.g. an argument, artefact or solution); display information in a diagrammatic or logical form.","Make, build, create or put together by arranging ideas or items (e.g. an argument, artefact or solution); display information in a diagrammatic or logical form.",The term construct represents the variety of subject-specific techniques and processes students use to build or create something by assembling parts in a structured manner.,compose|create|generate|make|complex,false,,41
TA-PROPOSE-L6,propose,ACARA,6,Create,Original Thought,"Suggest or put forward a point of view, idea, argument, diagram, plan and/or suggestion based on given data or stimulus material for consideration or action.","Suggest or put forward a point of view, idea, argument, diagram, plan and/or suggestion based on given data or stimulus material for consideration or action.","Suggest or put forward a point of view, idea, argument, diagram, plan and/or suggestion based on given data or stimulus material for consideration or action.",,develop|devise|generate,true,formulate hypothesis,42
TA-SUGGEST-L6,suggest,ACARA,6,Create,Original Thought,"Put forward for consideration a solution, hypothesis, idea or other possible answer.","Put forward for consideration a solution, hypothesis, idea or other possible answer.","Put forward for consideration a solution, hypothesis, idea or other possible answer.",,develop|devise|direct|generate|transform,true,formulate hypothesis,43
TA-SYNTHESISE,synthesise,ACARA+QCAA,6,Create,Original Thought,Combine various elements to make a whole or an overall point.,Combine various elements to make a whole or an overall point.,Combine various elements to make a whole or an overall point.,The term synthesise represents the variety of subject-specific techniques and processes students use to combine different elements into a coherent whole.,compose|design|devise|make|realise|resolve,false,formulate hypothesis,44
TA-PERCEIVE,perceive,QCAA,1,Remember,"Literal Recall, Simple",The term perceive represents the variety of subject-specific techniques and processes students use to become aware of something through the senses or intuitive understanding.,,,The term perceive represents the variety of subject-specific techniques and processes students use to become aware of something through the senses or intuitive understanding.,,false,,45
TA-SELECT,select,QCAA,1,Remember,"Literal Recall, Simple",The term select* represents the variety of subject-specific techniques and processes students use to choose an appropriate element or option from alternatives based on a specific rationale or purpose.,,,The term select* represents the variety of subject-specific techniques and processes students use to choose an appropriate element or option from alternatives based on a specific rationale or purpose.,,false,,46
TA-ACKNOWLEDGE,acknowledge,QCAA,2,Understand,Literal with Detail & Comprehension,"The term acknowledge represents the variety of subject-specific techniques and processes students use to recognise or admit the existence, truth or validity of something.",,,"The term acknowledge represents the variety of subject-specific techniques and processes students use to recognise or admit the existence, truth or validity of something.",,false,,47
TA-ANNOTATE,annotate,QCAA,2,Understand,Literal with Detail & Comprehension,The term annotate* represents the variety of subject-specific techniques and processes students use to add notes or comments to a text or diagram to provide additional information or explanation.,,,The term annotate* represents the variety of subject-specific techniques and processes students use to add notes or comments to a text or diagram to provide additional information or explanation.,,false,,48
TA-CLASSIFY,classify,QCAA,2,Understand,Literal with Detail & Comprehension,The term classify* represents the variety of subject-specific techniques and processes students use to sort or group things based on shared features and/or characteristics.,,,The term classify* represents the variety of subject-specific techniques and processes students use to sort or group things based on shared features and/or characteristics.,,false,,49
TA-COMMENT,comment,QCAA,2,Understand,Literal with Detail & Comprehension,"The term comment* represents the variety of subject-specific techniques and processes students use to express an opinion, observation or reaction to something.",,,"The term comment* represents the variety of subject-specific techniques and processes students use to express an opinion, observation or reaction to something.",,false,,50
TA-COMPREHEND,comprehend,QCAA,2,Understand,Literal with Detail & Comprehension,The term comprehend* represents the variety of subject-specific techniques and processes students use to fully understand the meaning of something.,,,The term comprehend* represents the variety of subject-specific techniques and processes students use to fully understand the meaning of something.,,false,,51
TA-EMPHASISE,emphasise,QCAA,2,Understand,Literal with Detail & Comprehension,The term emphasise* represents the variety of subject-specific techniques and processes students use to highlight or give special attention to an important element or aspect of something.,,,The term emphasise* represents the variety of subject-specific techniques and processes students use to highlight or give special attention to an important element or aspect of something.,,false,,52
TA-QUANTIFY,quantify,QCAA,2,Understand,Literal with Detail & Comprehension,The term quantify* represents the variety of subject-specific techniques and processes students use to express or measure something in terms of quantity or numerical value.,,,The term quantify* represents the variety of subject-specific techniques and processes students use to express or measure something in terms of quantity or numerical value.,,false,,53
TA-RECOGNISE,recognise,QCAA,2,Understand,Literal with Detail & Comprehension,The term recognise represents the variety of subject-specific techniques and processes students use to acknowledge and identify something previously encountered based on its distinctive characteristics.,,,The term recognise represents the variety of subject-specific techniques and processes students use to acknowledge and identify something previously encountered based on its distinctive characteristics.,,false,,54
TA-RESEARCH,research,QCAA,2,Understand,Literal with Detail & Comprehension,The term research* represents the variety of subject-specific techniques and processes students use to systematically investigate something to establish facts or principles or reach a new conclusion.,,,The term research* represents the variety of subject-specific techniques and processes students use to systematically investigate something to establish facts or principles or reach a new conclusion.,,false,,55
TA-SPECIFY,specify,QCAA,2,Understand,Literal with Detail & Comprehension,The term specify* represents the variety of subject-specific techniques and processes students use to identify or state something clearly and precisely.,,,The term specify* represents the variety of subject-specific techniques and processes students use to identify or state something clearly and precisely.,,false,,56
TA-ACHIEVE,achieve,QCAA,3,Apply,Understand and Use,The term achieve represents the variety of subject-specific techniques and processes students use to successfully bring about a desired result or outcome through effort or skill.,,,The term achieve represents the variety of subject-specific techniques and processes students use to successfully bring about a desired result or outcome through effort or skill.,,false,,57
TA-CONDUCT,conduct,QCAA,3,Apply,Understand and Use,"The term conduct* represents the variety of subject-specific techniques and processes students use to direct, manage or carry out an activity, investigation or performance in a controlled manner.",,,"The term conduct* represents the variety of subject-specific techniques and processes students use to direct, manage or carry out an activity, investigation or performance in a controlled manner.",,false,,58
TA-CONNECT,connect,QCAA,3,Apply,Understand and Use,The term connect* represents the variety of subject-specific techniques and processes students use to join or link things together to establish a relationship or association between them.,,,The term connect* represents the variety of subject-specific techniques and processes students use to join or link things together to establish a relationship or association between them.,,false,,59
TA-CONSOLIDATE,consolidate,QCAA,3,Apply,Understand and Use,"The term consolidate* represents the variety of subject-specific techniques and processes students use to strengthen or reinforce something by bringing separate parts together into a single, more effective whole.",,,"The term consolidate* represents the variety of subject-specific techniques and processes students use to strengthen or reinforce something by bringing separate parts together into a single, more effective whole.",,false,,60
TA-CONTROL,control,QCAA,3,Apply,Understand and Use,"The term control represents the variety of subject-specific techniques and processes students use to direct or regulate the behaviour, operation or function of something.",,,"The term control represents the variety of subject-specific techniques and processes students use to direct or regulate the behaviour, operation or function of something.",,false,,61
TA-CONVEY,convey,QCAA,3,Apply,Understand and Use,"The term convey* represents the variety of subject-specific techniques and processes students use to communicate or transmit information, ideas or feelings to others.",,,"The term convey* represents the variety of subject-specific techniques and processes students use to communicate or transmit information, ideas or feelings to others.",,false,,62
TA-DETERMINE,determine,QCAA,3,Apply,Understand and Use,"The term determine* represents the variety of subject-specific techniques and processes students use to conclusively establish something through consideration, investigation or calculation.",,,"The term determine* represents the variety of subject-specific techniques and processes students use to conclusively establish something through consideration, investigation or calculation.",,false,,63
TA-DOCUMENT,document,QCAA,3,Apply,Understand and Use,The term document* represents the variety of subject-specific techniques and processes students use to record or present information in a structured manner.,,,The term document* represents the variety of subject-specific techniques and processes students use to record or present information in a structured manner.,,false,,64
TA-EMPLOY,employ,QCAA,3,Apply,Understand and Use,The term employ* represents the variety of subject-specific techniques and processes students use to make use of something for a particular purpose or in a particular way.,,,The term employ* represents the variety of subject-specific techniques and processes students use to make use of something for a particular purpose or in a particular way.,,false,,65
TA-EXCHANGE,exchange,QCAA,3,Apply,Understand and Use,"The term exchange* represents the variety of subject-specific techniques and processes students use to give and receive information, ideas or resources to and from another person.",,,"The term exchange* represents the variety of subject-specific techniques and processes students use to give and receive information, ideas or resources to and from another person.",,false,,66
TA-EXECUTE,execute,QCAA,3,Apply,Understand and Use,"The term execute* represents the variety of subject-specific techniques and processes students use to carry out or implement a plan, strategy, design, procedure, process or set of instructions.",,,"The term execute* represents the variety of subject-specific techniques and processes students use to carry out or implement a plan, strategy, design, procedure, process or set of instructions.",,false,,67
TA-EXPLOIT,exploit,QCAA,3,Apply,Understand and Use,The term exploit* represents the variety of subject-specific techniques and processes students use to make full and effective use of a resource or opportunity.,,,The term exploit* represents the variety of subject-specific techniques and processes students use to make full and effective use of a resource or opportunity.,,false,,68
TA-IMPLEMENT,implement,QCAA,3,Apply,Understand and Use,"The term implement* represents the variety of subject-specific techniques and processes students use to put a decision, plan or system into effect or action.",,,"The term implement* represents the variety of subject-specific techniques and processes students use to put a decision, plan or system into effect or action.",,false,,69
TA-INCORPORATE,incorporate,QCAA,3,Apply,Understand and Use,The term incorporate* represents the variety of subject-specific techniques and processes students use to include or absorb something as part of a larger whole.,,,The term incorporate* represents the variety of subject-specific techniques and processes students use to include or absorb something as part of a larger whole.,,false,,70
TA-INTEGRATE,integrate,QCAA,3,Apply,Understand and Use,"The term integrate* represents the variety of subject-specific techniques and processes students use to combine or coordinate different elements to form a harmonious, interconnected system",,,"The term integrate* represents the variety of subject-specific techniques and processes students use to combine or coordinate different elements to form a harmonious, interconnected system",,false,,71
TA-JUDGE,judge,QCAA,3,Apply,Understand and Use,The term judge* represents the variety of subject-specific techniques and processes students use to reach a conclusion about something based on careful consideration of evidence.,,,The term judge* represents the variety of subject-specific techniques and processes students use to reach a conclusion about something based on careful consideration of evidence.,,false,,72
TA-MAINTAIN,maintain,QCAA,3,Apply,Understand and Use,"The term maintain represents the variety of subject-specific techniques and processes students use to preserve or continue a particular state, condition or level of performance.",,,"The term maintain represents the variety of subject-specific techniques and processes students use to preserve or continue a particular state, condition or level of performance.",,false,,73
TA-PERFORM,perform,QCAA,3,Apply,Understand and Use,"The term perform* represents the variety of subject-specific techniques and processes students use to carry out an action, task or function.",,,"The term perform* represents the variety of subject-specific techniques and processes students use to carry out an action, task or function.",,false,,74
TA-PLAN,plan,QCAA,3,Apply,Understand and Use,The term plan* represents the variety of subject-specific techniques and processes students use to organise and prepare an approach for achieving a specific objective.,,,The term plan* represents the variety of subject-specific techniques and processes students use to organise and prepare an approach for achieving a specific objective.,,false,,75
TA-PREPARE,prepare,QCAA,3,Apply,Understand and Use,The term prepare* represents the variety of subject-specific techniques and processes students use to make something ready for use or for a particular purpose.,,,The term prepare* represents the variety of subject-specific techniques and processes students use to make something ready for use or for a particular purpose.,,false,,76
TA-PRESENT,present,QCAA,3,Apply,Understand and Use,"The term present* represents the variety of subject-specific techniques and processes students use to show, display or communicate information or ideas to others.",,,"The term present* represents the variety of subject-specific techniques and processes students use to show, display or communicate information or ideas to others.",,false,,77
TA-PROCESS,process,QCAA,3,Apply,Understand and Use,The term process* represents the variety of subject-specific techniques and processes students use to perform a series of actions or operations on something to achieve a particular outcome.,,,The term process* represents the variety of subject-specific techniques and processes students use to perform a series of actions or operations on something to achieve a particular outcome.,,false,,78
TA-REFER,refer,QCAA,3,Apply,Understand and Use,The term refer* represents the variety of subject-specific techniques and processes students use to direct attention to or mention something for a particular purpose.,,,The term refer* represents the variety of subject-specific techniques and processes students use to direct attention to or mention something for a particular purpose.,,false,,79
TA-REPRESENT,represent,QCAA,3,Apply,Understand and Use,"The term represent* represents the variety of subject-specific techniques and processes students use to depict, symbolise or stand for something else through description, portrayal or simulation.",,,"The term represent* represents the variety of subject-specific techniques and processes students use to depict, symbolise or stand for something else through description, portrayal or simulation.",,false,,80
TA-RESPOND,respond,QCAA,3,Apply,Understand and Use,"The term respond* represents the variety of subject-specific techniques and processes students use to react or reply to a stimulus, question or situation in an appropriate manner.",,,"The term respond* represents the variety of subject-specific techniques and processes students use to react or reply to a stimulus, question or situation in an appropriate manner.",,false,,81
TA-SEQUENCE,sequence,QCAA,3,Apply,Understand and Use,The term sequence* represents the variety of subject-specific techniques and processes students use to arrange elements in a logical order or progression.,,,The term sequence* represents the variety of subject-specific techniques and processes students use to arrange elements in a logical order or progression.,,false,,82
TA-SKETCH,sketch,QCAA,3,Apply,Understand and Use,The term sketch* represents the variety of subject-specific techniques and processes students use to make a simple drawing that shows the main features of something.,,,The term sketch* represents the variety of subject-specific techniques and processes students use to make a simple drawing that shows the main features of something.,,false,,83
TA-STRUCTURE,structure,QCAA,3,Apply,Understand and Use,"The term structure represents the variety of subject-specific techniques and processes students use to arrange elements according to a framework, system, pattern, plan or purpose.",,,"The term structure represents the variety of subject-specific techniques and processes students use to arrange elements according to a framework, system, pattern, plan or purpose.",,false,,84
TA-SUSTAIN,sustain,QCAA,3,Apply,Understand and Use,The term sustain represents the variety of subject-specific techniques and processes students use to maintain something at a certain level or rate over time.,,,The term sustain represents the variety of subject-specific techniques and processes students use to maintain something at a certain level or rate over time.,,false,,85
TA-USE,use,QCAA,3,Apply,Understand and Use,The term use* represents the variety of subject-specific techniques and processes students use to apply knowledge or skills to achieve a specific purpose or outcome.,,,The term use* represents the variety of subject-specific techniques and processes students use to apply knowledge or skills to achieve a specific purpose or outcome.,,false,,86
TA-CONSIDER,consider,QCAA,4,Analyse,Think Deeply About (Infer),The term consider* represents the variety of subject-specific techniques and processes students use to think carefully about something before making a decision or forming an opinion.,,,The term consider* represents the variety of subject-specific techniques and processes students use to think carefully about something before making a decision or forming an opinion.,,false,,87
TA-DECONSTRUCT,deconstruct,QCAA,4,Analyse,Think Deeply About (Infer),The term deconstruct* represents the variety of subject-specific techniques and processes students use to break down something into its constituent parts to reveal its underlying structure or meaning.,,,The term deconstruct* represents the variety of subject-specific techniques and processes students use to break down something into its constituent parts to reveal its underlying structure or meaning.,,false,,88
TA-DISCRIMINATE,discriminate,QCAA,4,Analyse,Think Deeply About (Infer),"The term discriminate* represents the variety of subject-specific techniques and processes students use to distinguish between different concepts, objects, data and/or phenomena based on characteristics or properties.",,,"The term discriminate* represents the variety of subject-specific techniques and processes students use to distinguish between different concepts, objects, data and/or phenomena based on characteristics or properties.",,false,,89
TA-EXPLORE,explore,QCAA,4,Analyse,Think Deeply About (Infer),The term explore* represents the variety of subject-specific techniques and processes students use to thoroughly and systematically investigate something for the purpose of learning more or discovering new insights or possibilities.,,,The term explore* represents the variety of subject-specific techniques and processes students use to thoroughly and systematically investigate something for the purpose of learning more or discovering new insights or possibilities.,,false,,90
TA-GENERALISE,generalise,QCAA,4,Analyse,Think Deeply About (Infer),The term generalise* represents the variety of subject-specific techniques and processes students use to form a broad conclusion or principle from specific instances or examples.,,,The term generalise* represents the variety of subject-specific techniques and processes students use to form a broad conclusion or principle from specific instances or examples.,,false,,91
TA-ORGANISE,organise,QCAA,4,Analyse,Think Deeply About (Infer),The term organise represents the variety of subject-specific techniques and processes students use to systematically arrange elements into a whole for a purpose.,,,The term organise represents the variety of subject-specific techniques and processes students use to systematically arrange elements into a whole for a purpose.,,false,,92
TA-REFLECT,reflect,QCAA,4,Analyse,Think Deeply About (Infer),"The term reflect represents the variety of subject-specific techniques and processes students use to think deeply and carefully about an experience, idea or observation to gain new insights or understanding.",,,"The term reflect represents the variety of subject-specific techniques and processes students use to think deeply and carefully about an experience, idea or observation to gain new insights or understanding.",,false,,93
TA-SYMBOLISE,symbolise,QCAA,4,Analyse,Think Deeply About (Infer),"The term symbolise* represents the variety of subject-specific techniques and processes students use to express or embody an abstract idea, concept or quality through a representative form or object.",,,"The term symbolise* represents the variety of subject-specific techniques and processes students use to express or embody an abstract idea, concept or quality through a representative form or object.",,false,,94
TA-UNIFY,unify,QCAA,4,Analyse,Think Deeply About (Infer),The term unify* represents the variety of subject-specific techniques and processes students use to bring together different elements to form a coherent whole that has a single identity or purpose.,,,The term unify* represents the variety of subject-specific techniques and processes students use to bring together different elements to form a coherent whole that has a single identity or purpose.,,false,,95
TA-APPRAISE,appraise,QCAA,5,Evaluate,Deep Understanding Plus Judgement,"The term appraise* represents the variety of subject-specific techniques and processes students use to identify the quality, significance or performance of something or someone.",,,"The term appraise* represents the variety of subject-specific techniques and processes students use to identify the quality, significance or performance of something or someone.",,false,,96
TA-APPRECIATE,appreciate,QCAA,5,Evaluate,Deep Understanding Plus Judgement,"The term appreciate* represents the variety of subject-specific techniques and processes students use to recognise the value, significance or importance of a concept, process and/or phenomenon",,,"The term appreciate* represents the variety of subject-specific techniques and processes students use to recognise the value, significance or importance of a concept, process and/or phenomenon",,false,,97
TA-ARGUE,argue,QCAA,5,Evaluate,Deep Understanding Plus Judgement,The term argue* represents the variety of subject-specific techniques and processes students use to present a reasoned point of view or evidence to persuade others of a particular position or conclusion.,,,The term argue* represents the variety of subject-specific techniques and processes students use to present a reasoned point of view or evidence to persuade others of a particular position or conclusion.,,false,,98
TA-CRITIQUE,critique,QCAA,5,Evaluate,Deep Understanding Plus Judgement,The term critique* represents the variety of subject-specific techniques and processes students use to provide an analytical review of something.,,,The term critique* represents the variety of subject-specific techniques and processes students use to provide an analytical review of something.,,false,,99
TA-ESTABLISH,establish,QCAA,5,Evaluate,Deep Understanding Plus Judgement,The term establish* represents the variety of subject-specific techniques and processes students use to create a foundation or determine the validity of a concept or relationship.,,,The term establish* represents the variety of subject-specific techniques and processes students use to create a foundation or determine the validity of a concept or relationship.,,false,,100
TA-EXPERIMENT,experiment,QCAA,5,Evaluate,Deep Understanding Plus Judgement,"The term experiment* represents the variety of subject-specific techniques and processes students use to investigate a phenomenon in a systematic, controlled manner.",,,"The term experiment* represents the variety of subject-specific techniques and processes students use to investigate a phenomenon in a systematic, controlled manner.",,false,,101
TA-REFINE,refine,QCAA,5,Evaluate,Deep Understanding Plus Judgement,The term refine* represents the variety of subject-specific techniques and processes students use to improve something by making adjustments or modifications.,,,The term refine* represents the variety of subject-specific techniques and processes students use to improve something by making adjustments or modifications.,,false,,102
TA-SUPPORT,support,QCAA,5,Evaluate,Deep Understanding Plus Judgement,"The term support* represents the variety of subject-specific techniques and processes students use to provide evidence, assistance or reinforcement that strengthens or validates a position, claim or structure.",,,"The term support* represents the variety of subject-specific techniques and processes students use to provide evidence, assistance or reinforcement that strengthens or validates a position, claim or structure.",,false,,103
TA-ADAPT,adapt,QCAA,6,Create,Original Thought,The term adapt* represents the variety of subject-specific techniques and processes students use to modify or adjust an approach or method to suit different conditions or requirements.,,,The term adapt* represents the variety of subject-specific techniques and processes students use to modify or adjust an approach or method to suit different conditions or requirements.,,false,,104
TA-COMPOSE,compose,QCAA,6,Create,Original Thought,The term compose* represents the variety of subject-specific techniques and processes students use to create or formulate something by arranging parts or elements in a particular way.,,,The term compose* represents the variety of subject-specific techniques and processes students use to create or formulate something by arranging parts or elements in a particular way.,,false,,105
TA-DESIGN,design,QCAA,6,Create,Original Thought,"The term design* represents the variety of subject-specific techniques and processes students use to conceive, plan and develop the form and structure of something before it is made, executed or implemented",,,"The term design* represents the variety of subject-specific techniques and processes students use to conceive, plan and develop the form and structure of something before it is made, executed or implemented",,false,,106
TA-DEVELOP,develop,QCAA,6,Create,Original Thought,The term develop* represents the variety of subject-specific techniques and processes students use to advance or enhance an initial idea into a more refined form,,,The term develop* represents the variety of subject-specific techniques and processes students use to advance or enhance an initial idea into a more refined form,,false,,107
TA-DEVISE,devise,QCAA,6,Create,Original Thought,"The term devise* represents the variety of subject-specific techniques and processes students use to create or develop a new method, idea or plan through thought, invention or innovation.",,,"The term devise* represents the variety of subject-specific techniques and processes students use to create or develop a new method, idea or plan through thought, invention or innovation.",,false,,108
TA-DIRECT,direct,QCAA,6,Create,Original Thought,"The term direct* represents the variety of subject-specific techniques and processes students use to guide, instruct or manage the actions or operations of someone or something.",,,"The term direct* represents the variety of subject-specific techniques and processes students use to guide, instruct or manage the actions or operations of someone or something.",,false,,109
TA-GENERATE,generate,QCAA,6,Create,Original Thought,"The term generate* represents the variety of subject-specific techniques and processes students use to produce or create a new idea, solution or content through the application of knowledge, technology and creativity.",,,"The term generate* represents the variety of subject-specific techniques and processes students use to produce or create a new idea, solution or content through the application of knowledge, technology and creativity.",,false,,110
TA-MAKE,make,QCAA,6,Create,Original Thought,"The term make* represents the variety of subject-specific techniques and processes students use to produce, create or construct something through deliberate action and application of skills",,,"The term make* represents the variety of subject-specific techniques and processes students use to produce, create or construct something through deliberate action and application of skills",,false,,111
TA-MANIPULATE,manipulate,QCAA,6,Create,Original Thought,"The term manipulate* represents the variety of subject-specific techniques and processes students use to handle, control or influence something to achieve a particular outcome or intent.",,,"The term manipulate* represents the variety of subject-specific techniques and processes students use to handle, control or influence something to achieve a particular outcome or intent.",,false,,112
TA-PROVIDE,provide,QCAA,6,Create,Original Thought,"The term provide represents the variety of subject-specific techniques and processes students use to supply or furnish with resources, information or support for a particular purpose.",,,"The term provide represents the variety of subject-specific techniques and processes students use to supply or furnish with resources, information or support for a particular purpose.",,false,,113
TA-REALISE,realise,QCAA,6,Create,Original Thought,"The term realise* represents the variety of subject-specific techniques and processes students use to bring something into concrete existence, fully comprehend something, or achieve a goal or ambition.",,,"The term realise* represents the variety of subject-specific techniques and processes students use to bring something into concrete existence, fully comprehend something, or achieve a goal or ambition.",,false,,114
TA-RESOLVE,resolve,QCAA,6,Create,Original Thought,"The term resolve* represents the variety of subject-specific techniques and processes students use to bring components into clarity and cohesion, achieving a sense of completion, unity or intentional effect within a work.",,,"The term resolve* represents the variety of subject-specific techniques and processes students use to bring components into clarity and cohesion, achieving a sense of completion, unity or intentional effect within a work.",,false,,115
TA-SOLVE,solve,QCAA,6,Create,Original Thought,The term solve* represents the variety of subject-specific techniques and processes students use to find a solution to a problem or challenge.,,,The term solve* represents the variety of subject-specific techniques and processes students use to find a solution to a problem or challenge.,,false,,116
TA-TRANSFORM,transform,QCAA,6,Create,Original Thought,"The term transform* represents the variety of subject-specific techniques and processes students use to substantially change something in form, appearance or character.",,,"The term transform* represents the variety of subject-specific techniques and processes students use to substantially change something in form, appearance or character.",,false,,117
TA-ACT,act,QCAA,0,,,The term act represents the variety of subject-specific techniques and processes students use to take deliberate action or perform in a particular way in response to a situation or stimulus.,,,The term act represents the variety of subject-specific techniques and processes students use to take deliberate action or perform in a particular way in response to a situation or stimulus.,,false,,118
TA-COMBINE,combine,QCAA,0,,,The term combine represents the variety of subject-specific techniques and processes students use to join or merge different elements to form a coherent whole.,,,The term combine represents the variety of subject-specific techniques and processes students use to join or merge different elements to form a coherent whole.,,false,,119
TA-COMMUNICATE,communicate,QCAA,0,,,"The term communicate* represents the variety of subject-specific techniques and processes students use to convey information, ideas, concepts and/or feelings.",,,"The term communicate* represents the variety of subject-specific techniques and processes students use to convey information, ideas, concepts and/or feelings.",,false,,120
TA-CREATE,create,QCAA,0,,,"The term create* represents the variety of subject-specific techniques and processes students use to produce an original work or idea through imagination, invention, process or skill.",,,"The term create* represents the variety of subject-specific techniques and processes students use to produce an original work or idea through imagination, invention, process or skill.",,false,,121
TA-DETAIL,detail,QCAA,0,,,The term detail* represents the variety of subject-specific techniques and processes students use to provide precise and comprehensive information about something,,,The term detail* represents the variety of subject-specific techniques and processes students use to provide precise and comprehensive information about something,,false,,122
TA-DRAW,draw,QCAA,0,,,"The term draw* represents the variety of subject-specific techniques and processes students use to create a visual representation through lines, shapes and other marks.",,,"The term draw* represents the variety of subject-specific techniques and processes students use to create a visual representation through lines, shapes and other marks.",,false,,123
TA-DRAW-CONCLUSIONS,draw conclusions,QCAA,0,,,"The term draw conclusions* represents the variety of subject-specific techniques and processes students use to arrive at logical judgments, decisions or inferences based on available evidence, premises or information.",,,"The term draw conclusions* represents the variety of subject-specific techniques and processes students use to arrive at logical judgments, decisions or inferences based on available evidence, premises or information.",,false,,124
TA-EXPRESS,express,QCAA,0,,,"The term express* represents the variety of subject-specific techniques and processes students use to communicate information, ideas or feelings in words, actions or artistic forms.",,,"The term express* represents the variety of subject-specific techniques and processes students use to communicate information, ideas or feelings in words, actions or artistic forms.",,false,,125
TA-MAKE-DECISIONS,make decisions,QCAA,0,,,The term make decisions* represents the variety of subject-specific techniques and processes students use to select from potential courses of action or resolutions based on a rationale.,,,The term make decisions* represents the variety of subject-specific techniques and processes students use to select from potential courses of action or resolutions based on a rationale.,,false,,126
TA-PROPOSE-RECOMMENDATIONS,propose recommendations,QCAA,0,,,"The term propose recommendations* represents the variety of subject-specific techniques and processes students use to suggest something as worthy of acceptance, adoption or implementation.",,,"The term propose recommendations* represents the variety of subject-specific techniques and processes students use to suggest something as worthy of acceptance, adoption or implementation.",,false,,127
TA-UNDERSTAND,understand,QCAA,0,,,"The term understand* represents the variety of subject-specific techniques and processes students use to recognise, discern, interpret, know, perceive, comprehend or grasp the intended meaning, nature, character or importance of something.",,,"The term understand* represents the variety of subject-specific techniques and processes students use to recognise, discern, interpret, know, perceive, comprehend or grasp the intended meaning, nature, character or importance of something.",,false,,128
